Tested:,Fri Jun  4 15:25:37 2021
Start_wl,1500.0
End_wl,1600.0
Step_increment,0.1
normalisation order,3
pklowProm,2
pkhiProm,40
troughlowProm,0.5
troughhiProm,2
,
Wavelength,Power
1500.0,-26.467741960164627
1500.1,-26.456504886446876
1500.2,-26.51755527558511
1500.3,-26.55950608411814
1500.4,-26.500920063976004
1500.501,-26.43816723328563
1500.601,-26.450409466248082
1500.701,-26.33004693069521
1500.801,-26.203527897717088
1500.901,-26.189713515893583
1501.001,-26.123088351405322
1501.101,-25.97267093924444
1501.201,-25.971289814220263
1501.301,-25.928108811103755
1501.401,-25.806793751558615
1501.502,-25.782528305731542
1501.602,-25.85804827779394
1501.702,-25.767450059748327
1501.802,-25.7811132525067
1501.902,-25.91550906092661
1502.002,-25.933554941255426
1502.102,-25.953381201642785
1502.202,-26.14197090927241
1502.302,-26.27086020626452
1502.402,-26.35022390008341
1502.503,-26.521234455937016
1502.603,-26.652366529738252
1502.703,-26.649148397541307
1502.803,-26.710510998719556
1502.903,-26.765285014057582
1503.003,-26.66402098801298
1503.103,-26.565297250033765
1503.203,-26.515359183395972
1503.303,-26.334832807787684
1503.403,-26.16556504394969
1503.504,-26.11418568017369
1503.604,-25.946524853505217
1503.704,-25.824759205894917
1503.804,-25.81862307721586
1503.904,-25.81474544610905
1504.004,-25.753863894269124
1504.104,-25.831962835184
1504.204,-25.896979236813635
1504.304,-25.87645937493914
1504.404,-25.954327158432676
1504.505,-26.082434360620503
1504.605,-26.089476333291586
1504.705,-26.18265567829123
1504.805,-26.332680060631457
1504.905,-26.358315210365753
1505.005,-26.374163957958338
1505.105,-26.50998077548783
1505.205,-26.596628458252777
1505.305,-26.59957545352491
1505.405,-26.72404360954692
1505.506,-26.77954095754928
1505.606,-26.731401921609766
1505.706,-26.706464921385503
1505.806,-26.670480834559562
1505.906,-26.490801032806615
1506.006,-26.31122413380026
1506.106,-26.150812348029312
1506.206,-25.88422244196446
1506.306,-25.635578034371875
1506.406,-25.46978944499307
1506.507,-25.217898947129544
1506.607,-24.9842271570172
1506.707,-24.88958968398321
1506.807,-24.756760793503684
1506.907,-24.604769986963642
1507.007,-24.591425176863268
1507.107,-24.589541150115846
1507.207,-24.548711503647006
1507.307,-24.57274642782123
1507.407,-24.653033088565223
1507.508,-24.618451652299534
1507.608,-24.680062230400743
1507.708,-24.795387550640584
1507.808,-24.84275343527086
1507.908,-24.896030048795296
1508.008,-25.053057060199947
1508.108,-25.16302963764041
1508.208,-25.273104561958448
1508.308,-25.490553226792578
1508.408,-25.7265806781839
1508.509,-25.938913700770616
1508.609,-26.211966881800095
1508.709,-26.484644562486107
1508.809,-26.666407238906654
1508.909,-26.894306629766596
1509.009,-27.076094400482713
1509.109,-27.12764154918865
1509.209,-27.1377013433925
1509.309,-27.15038947643505
1509.409,-27.009904224580644
1509.51,-26.80969818668503
1509.61,-26.69596586930131
1509.71,-26.449800730077296
1509.81,-26.200206139898455
1509.91,-26.04772826153209
1510.01,-25.90460835344563
1510.11,-25.737860507034
1510.21,-25.646704474433825
1510.31,-25.59273007313843
1510.41,-25.500572959363723
1510.511,-25.41692993339918
1510.611,-25.430582676114284
1510.711,-25.40843917216047
1510.811,-25.400697408949835
1510.911,-25.503833042846903
1511.011,-25.5829049439733
1511.111,-25.638585130018438
1511.211,-25.769935800991107
1511.311,-25.95519744546605
1511.411,-26.098823083086128
1511.512,-26.34046786806349
1511.612,-26.59752470704358
1511.712,-26.80144015192591
1511.812,-27.029328807680773
1511.912,-27.306718220043624
1512.012,-27.430632983188485
1512.112,-27.512198407102936
1512.212,-27.602491468280405
1512.312,-27.567939937266033
1512.412,-27.430896969733723
1512.513,-27.321624805634414
1512.613,-27.14029927157921
1512.713,-26.86825895092046
1512.813,-26.617045838131418
1512.913,-26.43338693660349
1513.013,-26.1701942298909
1513.113,-25.96631263785997
1513.213,-25.86715122916795
1513.313,-25.69799702751844
1513.413,-25.539771114640367
1513.514,-25.479530490577382
1513.614,-25.373431199593735
1513.714,-25.30101209016202
1513.814,-25.269733646616473
1513.914,-25.259723772814745
1514.014,-25.205282390096077
1514.114,-25.21323190305184
1514.214,-25.261514299983467
1514.314,-25.248745120442294
1514.414,-25.27422035593724
1514.515,-25.351323190166966
1514.615,-25.338003384540542
1514.715,-25.383805508950815
1514.815,-25.4600611909829
1514.915,-25.457643885667586
1515.015,-25.423757299106594
1515.115,-25.433312370416388
1515.215,-25.391107485448753
1515.315,-25.292964885259877
1515.415,-25.25730542479568
1515.516,-25.27295160216711
1515.616,-25.23873263704868
1515.716,-25.219099832973725
1515.816,-25.29876933873368
1515.916,-25.370624584313347
1516.016,-25.4448215628309
1516.116,-25.667553271486128
1516.216,-25.899319756767973
1516.316,-26.139159811715725
1516.416,-26.431490443869144
1516.517,-26.728324609961795
1516.617,-26.968346230032264
1516.717,-27.234009069412565
1516.817,-27.47761469264271
1516.917,-27.580340824791403
1517.017,-27.65560111825309
1517.117,-27.73119350380533
1517.217,-27.69154881378722
1517.317,-27.566070246615602
1517.417,-27.468656446114224
1517.518,-27.33037428878422
1517.618,-27.123820199796754
1517.718,-26.982550235509677
1517.818,-26.895928407461348
1517.918,-26.7438832630013
1518.018,-26.60867000347671
1518.118,-26.559443917633864
1518.218,-26.448909603850353
1518.318,-26.32328981256201
1518.418,-26.286060717421883
1518.519,-26.19437469305999
1518.619,-26.10272505450797
1518.719,-26.0729628621691
1518.819,-26.066449740335244
1518.919,-26.00399645878059
1519.019,-26.009359781946763
1519.119,-26.026725472932775
1519.219,-26.05549925015623
1519.319,-26.123144984336104
1519.419,-26.257128538214292
1519.52,-26.392328749900077
1519.62,-26.54655649525042
1519.72,-26.74599218205126
1519.82,-26.93744957474053
1519.92,-27.09960765096225
1520.02,-27.32875088717959
1520.12,-27.53837341936927
1520.22,-27.686452681211485
1520.32,-27.888883637397818
1520.42,-28.073627055732594
1520.521,-28.154405210770136
1520.621,-28.17969591328144
1520.721,-28.194389096918915
1520.821,-28.14946722742252
1520.921,-28.001783210122966
1521.021,-27.866146526131992
1521.121,-27.686515574148125
1521.221,-27.425938107726246
1521.321,-27.140688298984102
1521.421,-26.88781888683739
1521.522,-26.570355491526733
1521.622,-26.26730134958962
1521.722,-26.06654953063888
1521.822,-25.88859175731736
1521.922,-25.680250042136805
1522.022,-25.58164734720684
1522.122,-25.509810249065026
1522.222,-25.47701066487599
1522.322,-25.47885122674178
1522.422,-25.629250271889717
1522.523,-25.722008054046654
1522.623,-25.891742109977066
1522.723,-26.140147116467354
1522.823,-26.418988767149543
1522.923,-26.658726693991085
1523.023,-26.990483689876
1523.123,-27.286379241292877
1523.223,-27.540455438884877
1523.323,-27.86439397384601
1523.423,-28.168584444943466
1523.524,-28.42123215079713
1523.624,-28.61321431840534
1523.724,-28.802318596498683
1523.824,-28.882675530375167
1523.924,-28.85137598027995
1524.024,-28.799937038559435
1524.124,-28.700775293595647
1524.224,-28.52643146502539
1524.324,-28.342561545042425
1524.424,-28.143191395322688
1524.525,-27.918402280633778
1524.625,-27.700216923213752
1524.725,-27.513767624461526
1524.825,-27.31466473037271
1524.925,-27.16742555815958
1525.025,-27.071524613294
1525.125,-26.97804379669245
1525.225,-26.917155970876856
1525.325,-26.926449745089457
1525.425,-26.968930944530047
1525.526,-27.027759057105452
1525.626,-27.12556412910819
1525.726,-27.31159242478202
1525.826,-27.513213941646075
1525.926,-27.727529397468253
1526.026,-28.03202991111604
1526.126,-28.32126536615238
1526.226,-28.585327516937266
1526.326,-28.83333699930619
1526.426,-29.08675510462381
1526.527,-29.247661025612835
1526.627,-29.39560607760683
1526.727,-29.49552165776714
1526.827,-29.528527560432604
1526.927,-29.434118647978977
1527.027,-29.34402801816386
1527.127,-29.26542355887169
1527.227,-29.161376846548986
1527.327,-29.03001410374148
1527.427,-29.02341706798356
1527.528,-28.95805787955046
1527.628,-28.917007077698834
1527.728,-28.966610723036684
1527.828,-29.00908002260604
1527.928,-29.04392727344769
1528.028,-29.090116836327834
1528.128,-29.155971134484837
1528.228,-29.220441492332895
1528.328,-29.299205059511515
1528.428,-29.412508538862063
1528.529,-29.485452250066988
1528.629,-29.569601234957368
1528.729,-29.682060897045798
1528.829,-29.75668521895407
1528.929,-29.841037277822956
1529.029,-29.903819372519855
1529.129,-29.957876994274002
1529.229,-30.02311095072162
1529.329,-30.03936568427555
1529.429,-30.013629717784823
1529.53,-29.991827973968306
1529.63,-29.82835022610956
1529.73,-29.78471645189211
1529.83,-29.715920328737845
1529.93,-29.609469712541802
1530.03,-29.5325313877831
1530.13,-29.479976636937767
1530.23,-29.42826666247182
1530.33,-29.409874743842153
1530.43,-29.381325495389248
1530.531,-29.408053285298493
1530.631,-29.489610575151886
1530.731,-29.49090843286705
1530.831,-29.55497183647239
1530.931,-29.597714998948412
1531.031,-29.64187406902323
1531.131,-29.70183499131485
1531.231,-29.73352763452198
1531.331,-29.80386911566811
1531.431,-29.880873217614084
1531.532,-29.997250787402354
1531.632,-30.170830347072023
1531.732,-30.351119243408405
1531.832,-30.569862242042326
1531.932,-30.811461519816042
1532.032,-31.077128866159924
1532.132,-31.37699591333356
1532.232,-31.655353127174006
1532.332,-31.874753083333218
1532.432,-32.01095967599807
1532.533,-32.098922727062295
1532.633,-32.0532630320616
1532.733,-31.927742218864278
1532.833,-31.73450389340623
1532.933,-31.432500205716703
1533.033,-31.145428363680715
1533.133,-30.858354523957843
1533.233,-30.566332764852486
1533.333,-30.298586690202683
1533.433,-30.073935178176264
1533.534,-29.952489432099306
1533.634,-29.884260253957287
1533.734,-29.765232923755228
1533.834,-29.767766575970445
1533.934,-29.82054148401625
1534.034,-29.90993408127242
1534.134,-30.02490718916286
1534.234,-30.17713507658541
1534.334,-30.42279547765878
1534.434,-30.586868019436956
1534.535,-30.902684341366676
1534.635,-31.252701115604413
1534.735,-31.64416277458998
1534.835,-32.10199871568698
1534.935,-32.731018307489144
1535.035,-33.34837267070212
1535.135,-34.10043726890517
1535.235,-34.84782396790277
1535.335,-35.75912963826336
1535.435,-36.60076676423887
1535.536,-37.432812007514585
1535.636,-38.23834590044462
1535.736,-38.422504462505465
1535.836,-38.639732412006865
1535.936,-38.226673979653654
1536.036,-37.6964502667901
1536.136,-36.92518679142751
1536.236,-36.201015339647306
1536.336,-35.54816286762007
1536.436,-34.86419984572106
1536.537,-34.18489797207221
1536.637,-33.7034185169614
1536.737,-33.29077848099087
1536.837,-32.961624810646846
1536.937,-32.69456356397902
1537.037,-32.513035110582244
1537.137,-32.37987667964818
1537.237,-32.300154762946576
1537.337,-32.276741293519756
1537.437,-32.31138059514812
1537.538,-32.334817250830426
1537.638,-32.42539256280721
1537.738,-32.52914409934826
1537.838,-32.70438962103064
1537.938,-32.94443110567015
1538.038,-33.173087955770704
1538.138,-33.447991753891046
1538.238,-33.753764591073654
1538.338,-34.130013567871266
1538.438,-34.558514920591286
1538.539,-34.943543349394645
1538.639,-35.23754635776507
1538.739,-35.58739931140569
1538.839,-35.79485725004496
1538.939,-35.85880122076726
1539.039,-35.63446635100282
1539.139,-35.370555303678856
1539.239,-35.02081916874302
1539.339,-34.59683833347395
1539.439,-34.14455864631518
1539.54,-33.61153977433341
1539.64,-33.25943124507388
1539.74,-32.84632603990373
1539.84,-32.60133318685239
1539.94,-32.38097042557196
1540.04,-32.23586948308076
1540.14,-32.183492016917
1540.24,-32.23219736588804
1540.34,-32.326192187179046
1540.44,-32.48180658742164
1540.541,-32.736975446951924
1540.641,-33.029283565672635
1540.741,-33.39857735800138
1540.841,-33.78427656073027
1540.941,-34.177528216313966
1541.041,-34.62948389377988
1541.141,-35.13576732052472
1541.241,-35.66227621100931
1541.341,-36.16841730287356
1541.441,-36.688576617303575
1541.542,-37.1976380771991
1541.642,-37.5937320462886
1541.742,-37.790109789200876
1541.842,-38.00805081131664
1541.942,-37.90517848316494
1542.042,-37.50358100960434
1542.142,-36.9888955873429
1542.242,-36.41614682367992
1542.342,-35.74149606294833
1542.442,-35.10073278641863
1542.543,-34.3860510027517
1542.643,-33.77113324151271
1542.743,-33.26904076131226
1542.843,-32.80868725982799
1542.943,-32.44423915960212
1543.043,-32.17356669307006
1543.143,-32.01148139859745
1543.243,-31.913523950218384
1543.343,-31.899155586383316
1543.443,-31.982620263089153
1543.544,-32.13512744706668
1543.644,-32.342294270732815
1543.744,-32.63117435707934
1543.844,-32.89292211361255
1543.944,-33.182883897014506
1544.044,-33.53080855538601
1544.144,-33.80344304907989
1544.244,-34.035633975899295
1544.344,-34.23389545484311
1544.444,-34.37470640337618
1544.545,-34.48277300710382
1544.645,-34.549669021346126
1544.745,-34.60797586326056
1544.845,-34.66273820681499
1544.945,-34.709592544105476
1545.045,-34.746600702428964
1545.145,-34.73807105810273
1545.245,-34.64771511497196
1545.345,-34.6303878967094
1545.445,-34.43633213930975
1545.546,-34.14779544659213
1545.646,-33.84945623102948
1545.746,-33.35213131504378
1545.846,-32.82723108675218
1545.946,-32.38298439102887
1546.046,-31.83500408082348
1546.146,-31.270942474909376
1546.246,-30.837772855817075
1546.346,-30.462632728588947
1546.446,-30.187393897863867
1546.547,-29.88669161054661
1546.647,-29.774419537385572
1546.747,-29.712280341581263
1546.847,-29.720690593094197
1546.947,-29.846170045889814
1547.047,-30.007201680141268
1547.147,-30.253359316352064
1547.247,-30.594995738012315
1547.347,-31.051192437148167
1547.447,-31.5879910601615
1547.548,-32.27397202794424
1547.648,-32.989134324708125
1547.748,-33.915842516444386
1547.848,-34.90006126627297
1547.948,-35.98079916163419
1548.048,-37.22689148777253
1548.148,-38.44641322108566
1548.248,-39.357536985498264
1548.348,-39.42949101702674
1548.448,-38.72374635854214
1548.549,-37.48688978832347
1548.649,-36.16513697241769
1548.749,-34.792935748415495
1548.849,-33.619809220680665
1548.949,-32.57297943460502
1549.049,-31.66068936910198
1549.149,-30.80145753414734
1549.249,-30.18293808585861
1549.349,-29.63330227795168
1549.449,-29.231320754590286
1549.55,-28.968450385037706
1549.65,-28.71618769095749
1549.75,-28.6070725746081
1549.85,-28.591932292965456
1549.95,-28.72304544890128
1550.05,-28.887982985486506
1550.15,-29.20318008059467
1550.25,-29.529004632777195
1550.35,-30.00785701915126
1550.45,-30.545941744628724
1550.551,-31.22763282668975
1550.651,-31.95164644687765
1550.751,-32.91359393092131
1550.851,-33.92963045372403
1550.951,-35.0695313675249
1551.051,-36.51482637827967
1551.151,-38.07945336281624
1551.251,-39.81616294066296
1551.351,-41.37702328479314
1551.451,-41.87739565161341
1551.552,-40.986809639743676
1551.652,-39.578222203563286
1551.752,-37.663877810531545
1551.852,-36.067514387982115
1551.952,-34.6588685836876
1552.052,-33.486948948203136
1552.152,-32.50423763037442
1552.252,-31.652890823883077
1552.352,-30.906985156990665
1552.452,-30.33530579338601
1552.553,-29.88481844038777
1552.653,-29.506455256047552
1552.753,-29.28772592152617
1552.853,-29.14709389652842
1552.953,-29.12825641858371
1553.053,-29.176824013121674
1553.153,-29.36688048502651
1553.253,-29.6667708089943
1553.353,-30.080628806244825
1553.453,-30.55018260447273
1553.554,-31.126501673336282
1553.654,-31.823317333473845
1553.754,-32.605677559145455
1553.854,-33.5136656717786
1553.954,-34.416485014967776
1554.054,-35.296995241334955
1554.154,-36.02196186584616
1554.254,-36.46898445558128
1554.354,-36.60845059407877
1554.454,-36.37844815167544
1554.555,-35.76043104618673
1554.655,-35.05179298703823
1554.755,-34.22454932271072
1554.855,-33.440985069850015
1554.955,-32.73953399015728
1555.055,-32.13127252782612
1555.155,-31.537956469891718
1555.255,-31.04756053120735
1555.355,-30.649312568743415
1555.455,-30.298076094241274
1555.556,-30.001793133405656
1555.656,-29.824955773219198
1555.756,-29.652263536875083
1555.856,-29.516244877434318
1555.956,-29.481526182403677
1556.056,-29.468071868660463
1556.156,-29.5043368876599
1556.256,-29.59080629907371
1556.356,-29.73241193798037
1556.456,-29.948106128735688
1556.557,-30.126681727118264
1556.657,-30.375564110576782
1556.757,-30.635282825720253
1556.857,-30.9028855270271
1556.957,-31.148751004516445
1557.057,-31.367285389957637
1557.157,-31.551896643004884
1557.257,-31.665190630944608
1557.357,-31.685858912022162
1557.457,-31.6169562564222
1557.558,-31.54455085046253
1557.658,-31.34089869105503
1557.758,-31.11807534185764
1557.858,-30.816085768670515
1557.958,-30.57953374902922
1558.058,-30.343138664985503
1558.158,-30.142626886197977
1558.258,-29.956093123297038
1558.358,-29.790133983025
1558.458,-29.660167391698113
1558.559,-29.565131582470052
1558.659,-29.628089455086414
1558.759,-29.494683445825643
1558.859,-29.52290140722702
1558.959,-29.571677863351795
1559.059,-29.680564269098358
1559.159,-29.7847808017788
1559.259,-29.922982349080648
1559.359,-30.12937986758956
1559.459,-30.346033017171678
1559.56,-30.639580982387635
1559.66,-30.97020124959994
1559.76,-31.35923758544335
1559.86,-31.764508236773988
1559.96,-32.21592931428149
1560.06,-32.63951534912522
1560.16,-33.02716708658635
1560.26,-33.350636706803726
1560.36,-33.4730131434019
1560.46,-33.414393392260266
1560.561,-33.25260092086917
1560.661,-32.82976759219379
1560.761,-32.299714983098866
1560.861,-31.5799154981261
1560.961,-31.00027446189852
1561.061,-30.410077210485706
1561.161,-29.863176220428077
1561.261,-29.37897244852515
1561.361,-28.997065076265596
1561.461,-28.647011363238004
1561.562,-28.475933173195003
1561.662,-28.25484393248157
1561.762,-28.17171823365369
1561.862,-28.13494169437127
1561.962,-28.160305491326405
1562.062,-28.226201455841288
1562.162,-28.384633385615402
1562.262,-28.604380360004207
1562.362,-28.883805233513918
1562.462,-29.100563722319933
1562.563,-29.47389332119842
1562.663,-29.834767299682955
1562.763,-30.241400756186504
1562.863,-30.705185526433134
1562.963,-31.180020641290042
1563.063,-31.6223839422482
1563.163,-32.11146136221201
1563.263,-32.61827483780717
1563.363,-33.025681862995604
1563.463,-33.24746422474442
1563.564,-33.444095510145935
1563.664,-33.394930975823335
1563.764,-33.25660700646539
1563.864,-32.963755975712935
1563.964,-32.60228549095265
1564.064,-32.10269013400639
1564.164,-31.475593776744503
1564.264,-30.96385945890077
1564.364,-30.369915289610766
1564.464,-29.805055725580605
1564.565,-29.231618171660312
1564.665,-28.740119498163228
1564.765,-28.234599211313096
1564.865,-27.82177680097343
1564.965,-27.430533526699634
1565.065,-27.07768876919133
1565.165,-26.756743582187514
1565.265,-26.496144271031948
1565.365,-26.254996849627723
1565.465,-26.07886601163305
1565.566,-25.974371017079804
1565.666,-25.909229216755016
1565.766,-25.890105892893477
1565.866,-25.933866207166062
1565.966,-26.064080043350963
1566.066,-26.283626060880962
1566.166,-26.579035455020332
1566.266,-26.92719528330471
1566.366,-27.376741760140966
1566.466,-27.96278453526075
1566.567,-28.643396436259806
1566.667,-29.412352440911988
1566.767,-30.376441414025305
1566.867,-31.47760750905705
1566.967,-32.65605533088684
1567.067,-33.964885037583365
1567.167,-35.23185119237293
1567.267,-35.90196555743659
1567.367,-35.999889765680486
1567.467,-35.40744731765542
1567.568,-34.3594054909763
1567.668,-33.18440024228145
1567.768,-32.0578283609646
1567.868,-30.978907788397386
1567.968,-30.121431613809587
1568.068,-29.43634652605285
1568.168,-28.7652308167864
1568.268,-28.317863944568895
1568.368,-27.964415973173743
1568.468,-27.690177987576682
1568.569,-27.52014590737948
1568.669,-27.449321537181845
1568.769,-27.443184760015114
1568.869,-27.50868409201299
1568.969,-27.645863608825614
1569.069,-27.80041439649247
1569.169,-28.006911085962784
1569.269,-28.244084756919825
1569.369,-28.51896521576851
1569.469,-28.77835148590382
1569.57,-29.07285862765817
1569.67,-29.266553109387253
1569.77,-29.43794090604483
1569.87,-29.581181799955047
1569.97,-29.633503763526925
1570.07,-29.61155330479088
1570.17,-29.48254420221737
1570.27,-29.33401032128512
1570.37,-29.07149128594446
1570.47,-28.78385302926834
1570.571,-28.540436841812756
1570.671,-28.261301511094835
1570.771,-28.024206866318817
1570.871,-27.801030042090453
1570.971,-27.595222314890048
1571.071,-27.39317036000172
1571.171,-27.257786236442904
1571.271,-27.19678057426016
1571.371,-27.231858754839664
1571.471,-27.25457990867016
1571.572,-27.383472883683538
1571.672,-27.526169579591926
1571.772,-27.755080691267338
1571.872,-27.960992556684864
1571.972,-28.262152520540443
1572.072,-28.564878893436145
1572.172,-28.85658345164202
1572.272,-29.118567357503082
1572.372,-29.37913849395094
1572.472,-29.53960682113837
1572.573,-29.667692750045163
1572.673,-29.704626634546706
1572.773,-29.601845798786925
1572.873,-29.4453312898198
1572.973,-29.19926446934934
1573.073,-28.870825093665104
1573.173,-28.517713479887263
1573.273,-28.150545897053327
1573.373,-27.74390708923278
1573.473,-27.37261943566313
1573.574,-26.98498152255256
1573.674,-26.648675930762682
1573.774,-26.299402046616795
1573.874,-25.983003505794965
1573.974,-25.716844652668396
1574.074,-25.487192701452454
1574.174,-25.294699989241508
1574.274,-25.154912184509683
1574.374,-25.055359227755098
1574.474,-24.962828537167503
1574.575,-24.968530233634564
1574.675,-25.060847793333277
1574.775,-25.219286051936077
1574.875,-25.379844199503175
1574.975,-25.615273970718206
1575.075,-25.940085659221374
1575.175,-26.359394207487163
1575.275,-26.85637496313018
1575.375,-27.452531330578847
1575.475,-28.103833157295725
1575.576,-28.83849226052064
1575.676,-29.668895360847387
1575.776,-30.532935540378272
1575.876,-31.328709941789104
1575.976,-32.099387467918795
1576.076,-32.571697899971674
1576.176,-32.61879049824555
1576.276,-32.289834035372465
1576.376,-31.536671640215303
1576.476,-30.674863880954454
1576.577,-29.72716834168427
1576.677,-28.884109571513644
1576.777,-28.00848865340981
1576.877,-27.235141310643485
1576.977,-26.556263502834653
1577.077,-25.917554474769116
1577.177,-25.38648751628496
1577.277,-24.927033226508684
1577.377,-24.534397960674266
1577.477,-24.20160763538451
1577.578,-23.94956662253464
1577.678,-23.729276709820617
1577.778,-23.605875044783375
1577.878,-23.54035576430666
1577.978,-23.53764957882533
1578.078,-23.604999850595384
1578.178,-23.716195198697054
1578.278,-23.898370948707417
1578.378,-24.108713822848955
1578.478,-24.395528557146857
1578.579,-24.751591855530663
1578.679,-25.09206990488634
1578.779,-25.42082613626296
1578.879,-25.805079836903086
1578.979,-26.1952155034963
1579.079,-26.581430737928386
1579.179,-26.954285019497974
1579.279,-27.369654871352477
1579.379,-27.71884782988417
1579.479,-28.09127986278943
1579.58,-28.42769671041955
1579.68,-28.68815959799518
1579.78,-28.873012733538857
1579.88,-28.968568369406995
1579.98,-29.025301844919078
1580.08,-28.96914895399233
1580.18,-28.77614766793076
1580.28,-28.507330991003165
1580.38,-28.12746370601065
1580.48,-27.735532743992863
1580.581,-27.259150582666393
1580.681,-26.82128444212537
1580.781,-26.35919990136219
1580.881,-25.933058630657744
1580.981,-25.533791057286713
1581.081,-25.180081214441763
1581.181,-24.885133323380725
1581.281,-24.677534552235198
1581.381,-24.522940920609344
1581.481,-24.415612773410892
1581.582,-24.390396059730577
1581.682,-24.381298919223568
1581.782,-24.4594578589331
1581.882,-24.60001422178161
1581.982,-24.793297424376473
1582.082,-25.020694132445044
1582.182,-25.285618170182417
1582.282,-25.561043207874384
1582.382,-25.86329176659945
1582.482,-26.18162956623746
1582.583,-26.49695302179452
1582.683,-26.719098289400716
1582.783,-26.90238910394761
1582.883,-27.042158532203633
1582.983,-27.110268599577655
1583.083,-27.085156550084598
1583.183,-27.004617199713636
1583.283,-26.859948814046632
1583.383,-26.719559911522946
1583.483,-26.477207048388752
1583.584,-26.299610941855395
1583.684,-26.089431380295554
1583.784,-25.899972041861844
1583.884,-25.739123074198645
1583.984,-25.601839259903585
1584.084,-25.528578113890216
1584.184,-25.481409098638657
1584.284,-25.449843769766588
1584.384,-25.484254382954894
1584.484,-25.559521952751805
1584.585,-25.662389784234747
1584.685,-25.804228967357194
1584.785,-25.978552700885192
1584.885,-26.152082396310586
1584.985,-26.351620148924077
1585.085,-26.522060761669533
1585.185,-26.69401992961365
1585.285,-26.826234410756395
1585.385,-26.935401166223386
1585.485,-26.88855780105833
1585.586,-26.78402066581558
1585.686,-26.631481812126975
1585.786,-26.405200449904264
1585.886,-26.15260070921337
1585.986,-25.898267815791776
1586.086,-25.59614893908754
1586.186,-25.318079635353957
1586.286,-25.026861643757684
1586.386,-24.78947746337207
1586.486,-24.58895622067096
1586.587,-24.419075735345174
1586.687,-24.299581197754712
1586.787,-24.22263015939037
1586.887,-24.19233443033542
1586.987,-24.181579608279012
1587.087,-24.227614584836022
1587.187,-24.29269588107118
1587.287,-24.40495618574184
1587.387,-24.5307019987523
1587.487,-24.71666832137299
1587.588,-24.888938258172594
1587.688,-25.091360602185567
1587.788,-25.294335732584354
1587.888,-25.573083453567925
1587.988,-25.84536152972548
1588.088,-26.18095081143715
1588.188,-26.429205492454134
1588.288,-26.77695540196877
1588.388,-27.032508871488083
1588.488,-27.295168360529356
1588.589,-27.453865951239216
1588.689,-27.562846453173023
1588.789,-27.567738011093418
1588.889,-27.42320179835164
1588.989,-27.248211588968605
1589.089,-27.000962426673716
1589.189,-26.704650211724243
1589.289,-26.393661122265538
1589.389,-26.066704417315805
1589.489,-25.7206077812624
1589.59,-25.425783117805043
1589.69,-25.145159647096726
1589.79,-24.917357692809986
1589.89,-24.732828931212225
1589.99,-24.604002557935804
1590.09,-24.536297498704528
1590.19,-24.49941362013993
1590.29,-24.471676248395653
1590.39,-24.484158977149256
1590.49,-24.53240615968514
1590.591,-24.61211045937532
1590.691,-24.71245392478684
1590.791,-24.792911262391634
1590.891,-24.876764247935462
1590.991,-24.976529696635247
1591.091,-25.061346254629065
1591.191,-25.162242201973164
1591.291,-25.26651210114133
1591.391,-25.32442987321431
1591.491,-25.413218548476998
1591.592,-25.519462068122994
1591.692,-25.58738303854979
1591.792,-25.667136328787358
1591.892,-25.76238721248947
1591.992,-25.871399191548278
1592.092,-25.95352120811591
1592.192,-26.02442479564949
1592.292,-26.09375271878927
1592.392,-26.120356956214824
1592.492,-26.14658555191193
1592.593,-26.118486069099905
1592.693,-26.095668830670967
1592.793,-26.02918529281789
1592.893,-25.946455346635453
1592.993,-25.871056486663626
1593.093,-25.77469317514987
1593.193,-25.702680984123127
1593.293,-25.640079687507434
1593.393,-25.54208668578128
1593.493,-25.46532594077751
1593.594,-25.425473831736465
1593.694,-25.38858720024052
1593.794,-25.35777481181554
1593.894,-25.376426569625018
1593.994,-25.397537072702324
1594.094,-25.422800329858248
1594.194,-25.45054206445287
1594.294,-25.498646809601723
1594.394,-25.540894967774975
1594.494,-25.588528938122778
1594.595,-25.638011107675442
1594.695,-25.735089394916383
1594.795,-25.802764381871086
1594.895,-25.88332185962694
1594.995,-25.96101816787295
1595.095,-26.063160138850357
1595.195,-26.13777421061876
1595.295,-26.209383630911635
1595.395,-26.26114787251646
1595.495,-26.322682134774347
1595.596,-26.341289398184117
1595.696,-26.36198537969463
1595.796,-26.354318001717175
1595.896,-26.307665391724335
1595.996,-26.24636075808437
1596.096,-26.170143938495475
1596.196,-26.0751393999561
1596.296,-25.98330113011295
1596.396,-25.876147222420478
1596.496,-25.78206318031874
1596.597,-25.716203831383673
1596.697,-25.652325043427954
1596.797,-25.634269684124323
1596.897,-25.607834441452187
1596.997,-25.597203991142127
1597.097,-25.68209257664996
1597.197,-25.720128231187516
1597.297,-25.831049957992
1597.397,-25.978979115717205
1597.497,-26.131287228023318
1597.598,-26.309853064921896
1597.698,-26.502712506170507
1597.798,-26.6740885282845
1597.898,-26.898231403302574
1597.998,-27.11658663225688
1598.098,-27.303527604723968
1598.198,-27.42113625352447
1598.298,-27.560581923897228
1598.398,-27.63702581128426
1598.498,-27.682186781569577
1598.599,-27.682121913840977
1598.699,-27.652891392094837
1598.799,-27.577902926281123
1598.899,-27.45444370534569
1598.999,-27.280184524227018
1599.099,-27.093462901088653
1599.199,-26.836883849457074
1599.299,-26.619073206021262
1599.399,-26.361790111985727
1599.499,-26.084145086455173
1599.6,-25.80660688448411
1599.7,-25.54516709310086
1599.8,-25.29440424883344
1599.9,-25.06127911752284
1600.0,-24.872643971333446
